DeSILVA;MARC;PROD_ENGINEERING;377-6347;9970
Clarkson;Bob;PROD_LOGISTICS;377-7505;9973
ERHAHON;JACKY;POS_DEPT;377-5392;9975
ESCOBAR;JOHNY;POS_DEPT;377-6736;9974
Browne;Jack;I.T. TRAINING;377-7550;9977
DE;GILLES;ATM_DEPT_001;377-9408;9976
EPISSINA;NATASHA;POS_DEPT;377-6114;9978
ELWELL;SELINA;POS_DEPT;377-7339;9979
Budwieser;Bary;I.T. ENG;377-9014;9987
Phillips;Terry;CORP_EXECUTIVES;377-1703;9988
Corr;Andrea;UK IT;377-2959;9986
EDWARDS;MICHAEL;POS_DEPT;377-4756;9985
EK;MARI;POS_DEPT;377-3472;9982
ELIASOV;AVITAL;POS_DEPT;377-3861;9980
ELIA;STELIOS;POS_DEPT;377-6655;9981
EISENBERG;NEVILLE;POS_DEPT;377-9235;9983
Beer;Stella;CORP_LEGAL;377-4900;9984
Williams;Andy;I.T. TRAINING;377-8500;9989
Baker;Tim;I.T. TECH;377-7266;9990
Andersen;Mike;CORP_LEGAL;377-1151;9992
Abraham;Alan;CORP_LEGAL;377-7622;9994
Washington;Denzil;I.T. ENG;377-8603;9993
Bloogs;Joe;FINANCE SYSTEMS;377-4962;9996
Abbot;Alan;FINANCE SYSTEMS;377-6502;9995
Aguilera;Christina;CORP_EXECUTIVES;377-5770;9997
Partridge;Alan;CORP_EXECUTIVES;377-4629;9998
McLoed;Andrew;PROD_LOGISTICS;377-5944;9991
Occupied;Not;NONE;;0
FIGUEROA;ROBERTO;I.T.;377-2305;9932
